Region Name,Territory,Distributor Code,RECORD TYPE,Distributor Name,PAN Number,GST Number,Address1,City,State,Pincode,Email Id,Contact Number,Contact Person,Distributor Status,Distributor CreatedOn,Distributor DeactivatedOn,ASM,RSEM,MIS,RSM,CE,O2C,SNF,MDM,DT Team,SALES DIRECTOR,SUPPLY
EAST,ASM-TT-Chennai,MWW000001,ONBOARDING,Dukaan,N/A,N/A,N/A,N/A,N/A,N/A,Dukaan1234@gmail.com,8287859248,N/A,N/A,N/A,N/A,resmchennai,rsmsouth,asmsouth,DT-Coimbature,mdm,rsem-coimbature,mis,cesouth,snf,,
EAST,ASM-TT-Chennai,,EXISTING,w,23,23,32,d,d,N/A,sac@sac.com,3434343434,N/A,23,2,32,N/A,N/A,N/A,N/A,N/A,N/A,N/A,N/A,N/A,,
EAST,ASM-TT-Chennai,,EXISTING,testing001,23,23,32,delhi,d,N/A,sacs@sacs.com,3434343434,N/A,23,2,32,resmchennai,rsmchennai,asm tt chennai,DT-Coimbature,mdm,rsem-coimbature,mis,cesouth,snf,,
EAST,ASM-TT-Chennai,MWE000006,ONBOARDING,book store,N/A,N/A,N/A,N/A,N/A,N/A,bookwala123@gmail.com,8287859248,N/A,N/A,N/A,N/A,N/A,N/A,N/A,N/A,N/A,N/A,N/A,N/A,N/A,,
EAST,ASM-TT-Chennai,MWN000007,ONBOARDING,Testing Firm name ,N/A,N/A,N/A,N/A,N/A,N/A,Testingdbname@gmail.com,9998899988,N/A,N/A,N/A,N/A,RSEMName1,RSMName1,ASMName1,DT Team UAT 2,MDMNorthUAT2a,newoc2test,asmeast,CENorthUAT2,SNFNorthUAT2,,
EAST,ASM-TT-Chennai,MWE000008,ONBOARDING,pakodewala,N/A,N/A,N/A,N/A,N/A,N/A,pakodewala123@gmail.com,8287859248,N/A,N/A,N/A,N/A,resmchennai,rsmchennai,asmsouth,DT-Coimbature,mdm,rsem-coimbature,mis,cesouth,snf,,
EAST,ASM-TT-Chennai,MWE000009,ONBOARDING,chaiwala,N/A,N/A,N/A,N/A,N/A,N/A,chaiwala1234@gmail.com,8287859248,N/A,N/A,N/A,N/A,resmchennai,rsmchennai,asmsouth,DT-Coimbature,mdm,rsem-coimbature,mis,cesouth,snf,,
EAST,ASM-TT-Chennai,MWE000010,ONBOARDING,AbhiTesting,N/A,N/A,N/A,N/A,N/A,N/A,AbhiTesting123@gmail.com,N/A,N/A,N/A,N/A,N/A,N/A,N/A,N/A,N/A,N/A,N/A,N/A,N/A,N/A,,
EAST,ASM-TT-Chennai,MWE000011,ONBOARDING,abhiTesting123,N/A,N/A,N/A,delhi,N/A,N/A,abhiTesting2@gmail.com,8287859248,N/A,N/A,N/A,N/A,N/A,N/A,N/A,N/A,N/A,N/A,N/A,N/A,N/A,,
EAST,ASM-TT-Chennai,MWE000012,ONBOARDING,abhiTesting123,N/A,N/A,N/A,delhi1,N/A,N/A,abhiTesting3@gmail.com,3456789045,N/A,N/A,N/A,N/A,resmchennai,rsmchennai,asmsouth,DT-Coimbature,mdm,rsem-coimbature,mis,cesouth,snf,,
EAST,ASM-TT-Chennai,MWE000013,ONBOARDING,doodhwala,N/A,N/A,N/A,delhi,N/A,N/A,doodhwala123@gmail.com,8287859248,N/A,N/A,N/A,N/A,N/A,N/A,N/A,N/A,N/A,N/A,N/A,N/A,N/A,,
EAST,ASM-TT-Chennai,MWE000014,ONBOARDING,N/A,N/A,N/A,N/A,N/A,N/A,N/A,testing002@gmail.com,N/A,N/A,N/A,N/A,N/A,N/A,N/A,N/A,N/A,N/A,N/A,N/A,N/A,N/A,,
EAST,ASM-TT-Chennai,MWW000015,ONBOARDING,parchunwala,N/A,N/A,N/A,delhi,N/A,N/A,parchunwala123@gmail.com,8287859248,N/A,N/A,N/A,N/A,resmchennai,rsmchennai,asmsouth,DT-Coimbature,mdm,rsem-coimbature,mis,cesouth,snf,,
EAST,ASM-TT-Chennai,MWW000016,ONBOARDING,testing004,N/A,N/A,N/A,delhi,N/A,N/A,testing004@gmail.com,8287859248,N/A,N/A,N/A,N/A,resmchennai,rsmchennai,asmsouth,DT-Coimbature,mdm,rsem-coimbature,mis,cesouth,snf,,
EAST,ASM-TT-Chennai,MWW000017,ONBOARDING,testing005,N/A,N/A,N/A,delhi,N/A,N/A,testing005123@gmail.com,8287859248,N/A,N/A,N/A,N/A,resmchennai,rsmchennai,asmsouth,DT-Coimbature,mdm,rsem-coimbature,mis,cesouth,snf,,
EAST,ASM-TT-Chennai,,EXISTING,tes,32fgte,23245dfd,delhi,delhi,N/A,N/A,testsac2@gmail.com,8287859248,N/A,N/A,N/A,N/A,resmchennai,rsmchennai,asmsouth,DT-Coimbature,mdm,rsem-coimbature,mis,cesouth,snf,,
EAST,ASM-TT-Chennai,MWN000019,ONBOARDING,test234@,N/A,N/A,N/A,Delhi,N/A,N/A,dbname@gmail.com,9988998899,N/A,N/A,N/A,N/A,RSEMName1,RSMName1,ASMName1,DTTeam1Name,MDMName1,O2CName1,MISName1,CEName1,SNFName1,,
EAST,ASM-TT-Chennai,MWW000020,ONBOARDING,testing005,N/A,N/A,N/A,delhi,N/A,N/A,testing005@gmail.com,7678767876,N/A,N/A,N/A,N/A,resmchennai,rsmchennai,asmsouth,DT-Coimbature,mdm,rsem-coimbature,mis,cesouth,snf,,
EAST,ASM-TT-Chennai,MWW000021,ONBOARDING,testing006,N/A,N/A,N/A,delhi,N/A,N/A,testing006@gmail.com,8287859248,N/A,N/A,N/A,N/A,resmchennai,rsmchennai,asmsouth,DT-Coimbature,mdm,rsem-coimbature,mis,cesouth,snf,,
EAST,ASM-TT-Chennai,MWN000022,ONBOARDING,Firm's name tested ,N/A,N/A,N/A,Delhi2,N/A,N/A,tested@gmail.com,9999977777,N/A,N/A,N/A,N/A,RSEMName1,RSMName1,ASMName1,DTTeam1Name,MDMName1,O2CName1,MISName1,CEName1,SNFName1,,
EAST,ASM-TT-Chennai,MWN000023,ONBOARDING,sdsdsdv,N/A,N/A,N/A,Delhi,N/A,N/A,dcdvd@gmail.com,2345675432,N/A,N/A,N/A,N/A,N/A,N/A,N/A,N/A,N/A,N/A,N/A,N/A,N/A,,
EAST,ASM-TT-Chennai,MWN000024,ONBOARDING,sdfgh,N/A,N/A,N/A,Delhi,N/A,N/A,sdf@gmail.com,3456785678,N/A,N/A,N/A,N/A,RSEMName1,RSMName1,ASMName1,DTTeam1Name,MDMName1,O2CName1,MISName1,CEName1,SNFName1,,
EAST,ASM-TT-Chennai,MWW000025,ONBOARDING,abhishek,N/A,N/A,N/A,delhi,N/A,N/A,test55522@gmail.com,8287859240,N/A,N/A,N/A,N/A,resmchennai,rsmsouth,asmsouth,DT-Coimbature,mdm,rsem-coimbature,mis,cesouth,snf,,
EAST,ASM-TT-Chennai,MWW000026,ONBOARDING,testing0009,N/A,N/A,N/A,delhi,N/A,N/A,testing0009@gmail.com,8287859240,N/A,N/A,N/A,N/A,resmchennai,rsmsouth,asmsouth,DT-Coimbature,mdm,rsem-coimbature,mis,cesouth,snf,,
EAST,ASM-TT-Chennai,MWN000027,ONBOARDING,Firm's Name 1,N/A,N/A,N/A,Jagdishpur,N/A,N/A,EmailID@gmail.com,7867898766,N/A,N/A,N/A,N/A,RSEMName1,RSMName1,ASMName1,DTTeamNorthUAT2a,MDMNorthUAT2a,O2CName1,asmeast,CENorthUAT2,SNFNorthUAT2,,
EAST,ASM-TT-Chennai,MWN000028,ONBOARDING,Firm's Name 2,N/A,N/A,N/A,Laxmigarh,N/A,N/A,EmailID2@gmail.com,4567765433,N/A,N/A,N/A,N/A,RSEMName1,RSMName1,ASMName1,DTTeam1Name,MDMName1,O2CName1,MISName1,CEName1,SNFName1,,
EAST,ASM-TT-Chennai,MWN000029,ONBOARDING,Firm's Name 3,N/A,N/A,N/A,N/A,N/A,N/A,EmailID3@gmail.com,2345654333,N/A,N/A,N/A,N/A,RSEMNameSouth,RSMNameSouth,ASMNameSouth,DT Team UAT 2,mdmuat 1,O2CName1,MISNameSouth,CEName1,SNFName1,,
EAST,ASM-TT-Chennai,,EXISTING,test pta,345676dffgf,45678765dfdfdf,noida,noida,noida,N/A,noida@gmail.com,8864924023,N/A,qw,qw,qw,RSEMName1,RSMName1,ASMName1,DTTeam1Name,MDMName1,O2CName1,MISName1,CEName1,SNFName1,,
EAST,ASM-TT-Chennai,,EXISTING,test pta,345676dffgf,45678765dfdfdf,noida,noida,noida,N/A,noida22@gmail.com,8864924023,N/A,qw,qw,qw,RSEMName1,RSMName1,ASMName1,DTTeam1Name,MDMName1,O2CName1,MISName1,CEName1,SNFName1,,
EAST,ASM-TT-Chennai,MWN000043,EXISTING,test pta,345676dffgf,45678765dfdfdf,noida,noida,noida,N/A,noida222@gmail.com,8864924023,N/A,qw,qw,qw,RSEMName1,RSMName1,ASMName1,DTTeam1Name,MDMName1,O2CName1,MISName1,CEName1,SNFName1,,
EAST,ASM-TT-Chennai,MWW000044,ONBOARDING,dukandar12001,N/A,N/A,N/A,delhi,N/A,N/A,dukandar12001@gmail.com,8287859248,N/A,N/A,N/A,N/A,resmchennai,rsmsouth,asmsouth,DT-Coimbature,mdm,rsem-coimbature,mis,cesouth,snf,,
EAST,ASM-TT-Chennai,MWW000045,ONBOARDING,done,N/A,N/A,N/A,done,N/A,N/A,done123@gmail.com,2345678900,N/A,N/A,N/A,N/A,resmchennai,rsmsouth,asmsouth,DT-Coimbature,mdm,rsem-coimbature,mis,cesouth,snf,,
EAST,ASM-TT-Chennai,MWN000046,ONBOARDING,hhjhhhhhg,N/A,N/A,N/A,Delhi,N/A,N/A,jhfdjokdj@gmail.com,5789987657,N/A,N/A,N/A,N/A,N/A,N/A,N/A,N/A,N/A,N/A,N/A,N/A,N/A,,
EAST,ASM-TT-Chennai,MWN000047,ONBOARDING,Firm's Name UAT,N/A,N/A,N/A,City1,N/A,N/A,Firm'sNameUAT@gmail.com,6789876567,N/A,N/A,N/A,N/A,RSEMNorthUAT2,RSMNorthUAT2,ASMNorthUAT2,DTTeamNorthUAT2,MDMNorthUAT2,O2CNo,MISNorthUAT2,CENorthUAT2,SNFNorthUAT2,,
EAST,ASM-TT-Chennai,MWN000048,ONBOARDING,xyz,N/A,N/A,N/A,delhi,N/A,N/A,example001@gmail.com,8287859248,N/A,N/A,N/A,N/A,RSEMNorthUAT2,RSMNorthUAT2,ASMNorthUAT2,DTTeamNorthUAT2,MDMNorthUAT2,O2CNo,MISNorthUAT2,CENorthUAT2,SNFNorthUAT2,,
EAST,ASM-TT-Chennai,MWN000049,ONBOARDING,GRTHYJ,N/A,N/A,N/A,ASDCD,N/A,N/A,ADEG@gmail.com,5678987654,N/A,N/A,N/A,N/A,RSEMNorthUAT2,RSMNorthUAT2,ASMNorthUAT2,DTTeamNorthUAT2,MDMNorthUAT2,O2CNo,MISNorthUAT2,CENorthUAT2,SNFNorthUAT2,,
EAST,ASM-TT-Chennai,MWW000050,ONBOARDING,kirana,N/A,N/A,N/A,delhi,N/A,N/A,kirana123@gmail.com,2345678909,N/A,N/A,N/A,N/A,resmchennai,rsmsouth,asmsouth,DT-Coimbature,mdm,rsem-coimbature,mis,cesouth,snf,,
EAST,ASM-TT-Chennai,MWN000051,ONBOARDING,Firm's Namexxxx,N/A,N/A,N/A,sdf,N/A,N/A,DistributorName1111@gmail.com,9876698765,N/A,N/A,N/A,N/A,RSEMNorthUAT2,RSMNorthUAT2,ASMNorthUAT2,DTTeamNorthUAT2,MDMNorthUAT2,O2CNo,MISNorthUAT2,CENorthUAT2,SNFNorthUAT2,,
EAST,ASM-TT-Chennai,MWN000052,ONBOARDING,Firm's Name2222,N/A,N/A,N/A,Delhi,N/A,N/A,EmailID2222@gmail.com,9876987678,N/A,N/A,N/A,N/A,RSEMNorthUAT2,RSMNorthUAT2,ASMNorthUAT2,DTTeamNorthUAT2,MDMNorthUAT2,O2CNo,MISNorthUAT2,CENorthUAT2,SNFNorthUAT2,,
EAST,ASM-TT-Chennai,MWN000053,EXISTING,DB Firm 1,PAN983NJF,N/A,N/A,N/A,N/A,N/A,DBName1@gmail.com,9898989898,N/A,Active ,N/A,N/A,RSEMNorthUAT2,RSMNorthUAT2,ASMNorthUAT2,DTTeamNorthUAT2,MDMNorthUAT2,O2CNo,MISNorthUAT2,CENorthUAT2,SNFNorthUAT2,,
EAST,ASM-TT-Chennai,MWN000054,EXISTING,DB Firm 2,PAN9876NJF,N/A,N/A,N/A,N/A,N/A,DBName2@gmail.com,7878787878,N/A,Active ,N/A,N/A,RSEMNorthUAT2,RSMNorthUAT2,ASMNorthUAT2,DTTeamNorthUAT2,MDMNorthUAT2,O2CNo,MISNorthUAT2,CENorthUAT2,SNFNorthUAT2,,
EAST,ASM-TT-Chennai,MWN000055,EXISTING,DB Firm 3,PA9763NJF,N/A,N/A,N/A,N/A,N/A,DBName3@gmail.com,6767676767,N/A,Active ,N/A,N/A,RSEMNorthUAT2,RSMNorthUAT2,ASMNorthUAT2,DTTeamNorthUAT2,MDMNorthUAT2,O2CNo,MISNorthUAT2,CENorthUAT2,SNFNorthUAT2,,
EAST,ASM-TT-Chennai,MWN000056,EXISTING,DB Firm 4,PAN983NJF,N/A,N/A,N/A,N/A,N/A,DBName4@gmail.com,5656565656,N/A,Active ,N/A,N/A,RSEMNorthUAT2,RSMNorthUAT2,ASMNorthUAT2,DTTeamNorthUAT2,MDMNorthUAT2,O2CNo,MISNorthUAT2,CENorthUAT2,SNFNorthUAT2,,
EAST,ASM-TT-Chennai,MWN000058,EXISTING,DB Firm 5,PAN9876NJF,N/A,N/A,N/A,N/A,N/A,DBName5@gmail.com,8989898989,N/A,Active ,N/A,N/A,RSEMNorthUAT2,RSMNorthUAT2,ASMNorthUAT2,DTTeamNorthUAT2,MDMNorthUAT2,O2CNo,MISNorthUAT2,CENorthUAT2,SNFNorthUAT2,,
EAST,ASM-TT-Chennai,MWN000059,EXISTING,DB Firm 6,PAN983NJF,N/A,N/A,N/A,N/A,N/A,DBName6@gmail.com,9898989898,N/A,Active ,N/A,N/A,RSEMNorthUAT2,RSMNorthUAT2,ASMNorthUAT2,DTTeamNorthUAT2,MDMNorthUAT2,O2CNo,MISNorthUAT2,CENorthUAT2,SNFNorthUAT2,,
EAST,ASM-TT-Chennai,MWN000060,EXISTING,DB Firm 7,PAN9876NJF,N/A,N/A,N/A,N/A,N/A,DBName7@gmail.com,7878787878,N/A,Active ,N/A,N/A,RSEMNorthUAT2,RSMNorthUAT2,ASMNorthUAT2,DTTeamNorthUAT2,MDMNorthUAT2,O2CNo,MISNorthUAT2,CENorthUAT2,SNFNorthUAT2,,
EAST,ASM-TT-Chennai,MWN000061,EXISTING,DB Firm 8,PA9763NJF,N/A,N/A,N/A,N/A,N/A,DBName8@gmail.com,6767676767,N/A,Active ,N/A,N/A,RSEMNorthUAT2,RSMNorthUAT2,ASMNorthUAT2,DTTeamNorthUAT2,MDMNorthUAT2,O2CNo,MISNorthUAT2,CENorthUAT2,SNFNorthUAT2,,
EAST,ASM-TT-Chennai,MWN000062,EXISTING,DB Firm 9,PAN983NJF,N/A,N/A,N/A,N/A,N/A,DBName9@gmail.com,5656565656,N/A,Active ,N/A,N/A,RSEMNorthUAT2,RSMNorthUAT2,ASMNorthUAT2,DTTeamNorthUAT2,MDMNorthUAT2,O2CNo,MISNorthUAT2,CENorthUAT2,SNFNorthUAT2,,
EAST,ASM-TT-Chennai,MWN000063,EXISTING,DB Firm 10,PAN983NJF,N/A,N/A,N/A,N/A,N/A,DBName10@gmail.com,5656565656,N/A,Active ,N/A,N/A,RSEMNorthUAT2,RSMNorthUAT2,ASMNorthUAT2,DTTeamNorthUAT2,MDMNorthUAT2,O2CNo,MISNorthUAT2,CENorthUAT2,SNFNorthUAT2,,
EAST,ASM-TT-Chennai,MWW000064,ONBOARDING,Gagan Traders,N/A,N/A,N/A,delhi,N/A,N/A,gagan0012@gmail.com,8287859240,N/A,N/A,N/A,N/A,resmchennai,rsmsouth,asmsouth,DT-Coimbature,mdm,rsem-coimbature,mis,cesouth,snf,,
EAST,ASM-TT-Chennai,MWN000065,ONBOARDING,GSA enterprises &12,N/A,N/A,N/A,Ambala he,N/A,N/A,Gunanajansingh**@yahoo.com,9898989898,N/A,N/A,N/A,N/A,RSEMNorthUAT2,RSMNorthUAT2,ASMNorthUAT2,DTTeamNorthUAT2,MDMNorthUAT2,O2CNo,MISNorthUAT2,CENorthUAT2,SNFNorthUAT2,,
EAST,ASM-TT-Chennai,MWN000066,ONBOARDING,oho,N/A,N/A,N/A,N/A,N/A,N/A,sdfkjkl@jk.o,8888888888,N/A,N/A,N/A,N/A,RSEMNorthUAT2,RSMNorthUAT2,ASMNorthUAT2,DTTeamNorthUAT2,MDMNorthUAT2,O2CNo,MISNorthUAT2,CENorthUAT2,SNFNorthUAT2,,
EAST,ASM-TT-Chennai,MWN000067,ONBOARDING,GSA 2 june,N/A,N/A,N/A,Delhi,N/A,N/A,funa@jfl.c,8989888888,N/A,N/A,N/A,N/A,RSEMNorthUAT2,RSMNorthUAT2,ASMNorthUAT2,DTTeamNorthUAT2,MDMNorthUAT2,O2CNo,MISNorthUAT2,CENorthUAT2,SNFNorthUAT2,,
EAST,ASM-TT-Chennai,MWN000068,ONBOARDING,SD Enterprises,N/A,N/A,N/A,Ghitorini,N/A,N/A,saurabhdixit87.hcl@gmail.com,9936214851,N/A,N/A,N/A,N/A,RSEMNorthUAT2,RSMNorthUAT2,Saurabh Dixit,Sumit Kumar,MDMNorthUAT2a,O2CNorthUAT2,MISNorthUAT2,CENorthUAT2,SNFNorthUAT2,,
EAST,ASM-TT-Chennai,MWN000069,ONBOARDING,ABC @123 Enterprises,N/A,N/A,N/A,Fake Town,N/A,N/A,jiteshsthakur@gmail.com,9993335453,N/A,N/A,N/A,N/A,RSEMNorthUAT2,RSMNorthUAT2,ASMNorthUAT2,DTTeamNorthUAT2,MDMNorthUAT2a,O2CNo,MISNorthUAT2,O2CNo,SNFNorthUAT2,,
EAST,ASM-TT-Chennai,MWN000070,ONBOARDING,To be Rejected by RSEM,N/A,N/A,N/A,N/A,N/A,N/A,noemail@to.me,9993335453,N/A,N/A,N/A,N/A,RSEMNorthUAT2,RSMNorthUAT2,ASMNorthUAT2,DTTeamNorthUAT2,MDMNorthUAT2a,O2CNo,MISNorthUAT2,O2CNo,SNFNorthUAT2,,
EAST,ASM-TT-Chennai,MWW000071,ONBOARDING,Testing100,N/A,N/A,N/A,delhi,N/A,N/A,Testing100@gmail.com,8287859248,N/A,N/A,N/A,N/A,resmchennai,rsmsouth,asmsouth,DT-Coimbature,mdm,rsem-coimbature,mis,cesouth,snf,,
EAST,ASM-TT-Chennai,MWW000072,ONBOARDING,Testing0005,N/A,N/A,N/A,delhi,N/A,N/A,Testing0005@gmail.com,8287859248,N/A,N/A,N/A,N/A,resmchennai,rsmsouth,asmsouth,DT-Coimbature,mdm,rsem-coimbature,mis,cesouth,snf,,
EAST,ASM-TT-Chennai,MWN000073,ONBOARDING,testing123,N/A,N/A,N/A,Delhi,N/A,N/A,testing123db@gmail.com,9876567890,N/A,N/A,N/A,N/A,RSEMNorthUAT2,RSMNorthUAT2,ASMNorthUAT2,DTTeamNorthUAT2,MDMNorthUAT2a,O2CNo,MISNorthUAT2,O2CNo,SNFNorthUAT2,,
EAST,ASM-TT-Chennai,MWN000074,EXISTING,DB Firm 11,PAN9876NJF,N/A,N/A,N/A,N/A,N/A,DBName11@gmail.com,9898989898,N/A,Active ,N/A,N/A,RSEMNorthUAT2,RSMNorthUAT2,ASMNorthUAT2,DTTeamNorthUAT2,MDMNorthUAT2a,O2CNo,MISNorthUAT2,O2CNo,SNFNorthUAT2,,
EAST,ASM-TT-Chennai,MWN000075,EXISTING,DB Firm 12,PAN983NJF,N/A,N/A,N/A,N/A,N/A,DBName12@gmail.com,9898989898,N/A,Active ,N/A,N/A,RSEMNorthUAT2,RSMNorthUAT2,ASMNorthUAT2,DTTeamNorthUAT2,MDMNorthUAT2a,O2CNo,MISNorthUAT2,O2CNo,SNFNorthUAT2,,
EAST,ASM-TT-Chennai,MWN000076,EXISTING,DB Firm 13,PAN9876NJF,N/A,N/A,N/A,N/A,N/A,DBName13@gmail.com,9898989898,N/A,Active ,N/A,N/A,RSEMNorthUAT2,RSMNorthUAT2,ASMNorthUAT2,DTTeamNorthUAT2,MDMNorthUAT2a,O2CNo,MISNorthUAT2,O2CNo,SNFNorthUAT2,,
EAST,ASM-TT-Chennai,MWN000077,EXISTING,DB Firm 14,PA9763NJF,N/A,N/A,N/A,N/A,N/A,DBName14@gmail.com,9898989898,N/A,Active ,N/A,N/A,RSEMNorthUAT2,RSMNorthUAT2,ASMNorthUAT2,DTTeamNorthUAT2,MDMNorthUAT2a,O2CNo,MISNorthUAT2,O2CNo,SNFNorthUAT2,,
EAST,ASM-TT-Chennai,MWN000078,EXISTING,DB Firm 15,PAN983NJF,N/A,N/A,N/A,N/A,N/A,DBName15@gmail.com,9898989898,N/A,Active ,N/A,N/A,RSEMNorthUAT2,RSMNorthUAT2,ASMNorthUAT2,DTTeamNorthUAT2,MDMNorthUAT2a,O2CNo,MISNorthUAT2,O2CNo,SNFNorthUAT2,,
EAST,ASM-TT-Chennai,MWN000079,EXISTING,DB Firm 16,PAN983NJF,N/A,N/A,N/A,N/A,N/A,DBName16@gmail.com,9898989898,N/A,Active ,N/A,N/A,RSEMNorthUAT2,RSMNorthUAT2,ASMNorthUAT2,DTTeamNorthUAT2,MDMNorthUAT2a,O2CNo,MISNorthUAT2,O2CNo,SNFNorthUAT2,,
EAST,ASM-TT-Chennai,MWN000080,EXISTING,DB Firm 17,PAN9876NJF,N/A,N/A,N/A,N/A,N/A,DBName17@gmail.com,9898989898,N/A,Active ,N/A,N/A,RSEMNorthUAT2,RSMNorthUAT2,ASMNorthUAT2,DTTeamNorthUAT2,MDMNorthUAT2a,O2CNo,MISNorthUAT2,O2CNo,SNFNorthUAT2,,
EAST,ASM-TT-Chennai,MWN000081,EXISTING,DB Firm 18,PAN983NJF,N/A,N/A,N/A,N/A,N/A,DBName18@gmail.com,9898989898,N/A,Active ,N/A,N/A,RSEMNorthUAT2,RSMNorthUAT2,ASMNorthUAT2,DTTeamNorthUAT2,MDMNorthUAT2a,O2CNo,MISNorthUAT2,O2CNo,SNFNorthUAT2,,
EAST,ASM-TT-Chennai,MWN000082,ONBOARDING,RDX Trading Company,N/A,N/A,N/A,Alappuzha,N/A,N/A,abc@gmail.com,9876543210,N/A,N/A,N/A,N/A,RSEMNorthUAT2,RSMNorthUAT2,ASMNorthUAT2,DTTeamNorthUAT2,MDMNorthUAT2a,O2CNo,MISNorthUAT2,O2CNo,SNFNorthUAT2,,
EAST,ASM-TT-Chennai,MWN000083,ONBOARDING,testing00044,N/A,N/A,N/A,delhi,N/A,N/A,testing00044@gmail.com,8287859248,N/A,N/A,N/A,N/A,RSEMName1,RSMName1,ASMName1,testing111,mdm new test,O2CName1,MISName1,CEName1,SNFName1,,
EAST,ASM-TT-Chennai,MWN000084,ONBOARDING,testing00066,N/A,N/A,N/A,delhi,N/A,N/A,testing00066@gmail.com,8287859248,N/A,N/A,N/A,N/A,RSEMName1,RSMName1,ASMName1,testing111,mdm new test,O2CName1,MISName1,CEName1,SNFName1,,
EAST,ASM-TT-Chennai,MWN000085,ONBOARDING,MAHI TRADERS,N/A,N/A,N/A,Kanpur,N/A,N/A,pawanverma1920@gmail.com,7668008181,N/A,N/A,N/A,N/A,RSEMNorthUAT2,RSMNorthUAT2,Saurabh Dixit,Sumit Kumar,MDMNorthUAT2a,O2CNorthUAT2,MISNorthUAT2,CENorthUAT2,SNFNorthUAT2,,
EAST,ASM-TT-Chennai,MWN000086,ONBOARDING,Kollam UAT Db,N/A,N/A,N/A,Kollam,N/A,N/A,kollamuat@gmail.com,9123456789,N/A,N/A,N/A,N/A,RSEMNorthUAT2,RSMNorthUAT2,ASMNorthUAT2,DTTeamNorthUAT2,MDMNorthUAT2a,O2CNo,MISNorthUAT2,O2CNo,SNFNorthUAT2,,
EAST,ASM-TT-Chennai,MWN000087,ONBOARDING,Calicutupc UAT,N/A,N/A,N/A,Calicut,N/A,N/A,calicutupc@gmail.com,9123456789,N/A,N/A,N/A,N/A,RSEMNorthUAT2,RSMNorthUAT2,ASMNorthUAT2,DTTeamNorthUAT2,MDMNorthUAT2a,O2CNo,MISNorthUAT2,O2CNo,SNFNorthUAT2,,
EAST,ASM-TT-Chennai,MWN000088,ONBOARDING,Test SD 00-1,N/A,N/A,N/A,aaya Nagar,N/A,N/A,TEST0001SD@GMAIL.COM,8723456701,N/A,N/A,N/A,N/A,RSEMNorthUAT2,RSMNorthUAT2,Saurabh Dixit,Sumit Kumar,MDMNorthUAT2a,O2CNorthUAT2,MISNorthUAT2,CENorthUAT2,SNFNorthUAT2,,
EAST,ASM-TT-Chennai,MWW000090,ONBOARDING,xyz0012,N/A,N/A,N/A,delhi,N/A,N/A,xyz0012@gmail.com,8287859248,N/A,N/A,N/A,N/A,N/A,N/A,N/A,N/A,N/A,N/A,N/A,N/A,N/A,,
EAST,ASM-TT-Chennai,MWW000091,ONBOARDING,abhi,N/A,N/A,N/A,delhi,N/A,N/A,abhi123@gmail.com,8287859248,N/A,N/A,N/A,N/A,resmchennai,rsmsouth,asmsouth,DT-Coimbature,mdm,rsem-coimbature,mis,cesouth,snf,,
EAST,ASM-TT-Chennai,MWW000093,ONBOARDING,Dukaan,N/A,N/A,N/A,delhi,N/A,N/A,abhi123@gmail.com,8287859248,N/A,N/A,N/A,N/A,N/A,N/A,N/A,N/A,N/A,N/A,N/A,N/A,N/A,,
EAST,ASM-TT-Chennai,MWW000094,ONBOARDING,Dukaan ,N/A,N/A,N/A,delhi,N/A,N/A,dukaandar123@gmail.com,8287859248,N/A,N/A,N/A,N/A,resmchennai,rsmsouth,asmsouth,DT-Coimbature,mdm,rsem-coimbature,mis,cesouth,snf,,
EAST,ASM-TT-Chennai,MWW000095,ONBOARDING,Dukaan,N/A,N/A,N/A,delhi,N/A,N/A,dukaandar123@gmail.com,8287859248,N/A,N/A,N/A,N/A,resmchennai,rsmsouth,asmsouth,DT-Coimbature,mdm,rsem-coimbature,mis,cesouth,snf,,
EAST,ASM-TT-Chennai,MWN000096,ONBOARDING,xyz,N/A,N/A,N/A,Baldeo,N/A,N/A,xyz123@gmail.com,8287859248,N/A,N/A,N/A,N/A,RSEMNorthUAT2,RSMNorthUAT2,ASMNorthUAT2,DTTeamNorthUAT2,MDMNorthUAT2a,O2CNo,MISNorthUAT2,O2CNo,SNFNorthUAT2,,
EAST,ASM-TT-Chennai,MWW000097,ONBOARDING,sachin,N/A,N/A,N/A,East Delhi,N/A,N/A,abhisharma05052002@gmail.com,8287859248,N/A,N/A,N/A,N/A,resmchennai,rsmsouth,asmsouth,DT-Coimbature,mdm,rsem-coimbature,mis,cesouth,snf,,
EAST,ASM-TT-Chennai,MWW000098,ONBOARDING,sachin,N/A,N/A,N/A,Dandeli,N/A,N/A,abhisharma050502002@gmail.com,8287859248,N/A,N/A,N/A,N/A,N/A,N/A,N/A,N/A,N/A,N/A,N/A,N/A,N/A,,
EAST,ASM-TT-Chennai,MWW000099,ONBOARDING,abhishek,N/A,N/A,N/A,delhi ,N/A,N/A,abhishek1011@gmail.com,8287859248,N/A,N/A,N/A,N/A,resmchennai,rsmsouth,asmsouth,DT-Coimbature,mdm,rsem-coimbature,mis,cesouth,snf,,
EAST,ASM-TT-Chennai,MWW000100,ONBOARDING,Dukaan,N/A,N/A,N/A,Delhi,N/A,N/A,shivam102030@gmail.com,8287859248,N/A,N/A,N/A,N/A,resmchennai,rsmsouth,asmsouth,DT-Coimbature,mdm,rsem-coimbature,mis,cesouth,snf,,
EAST,ASM-TT-Chennai,MWW000101,ONBOARDING,abhishek,N/A,N/A,N/A,delhi,N/A,N/A,rajeev0001@example.com,8287859248,N/A,N/A,N/A,N/A,resmchennai,rsmsouth,asmsouth,DT-Coimbature,mdm,rsem-coimbature,mis,cesouth,snf,SUPPLY,
EAST,ASM-TT-Chennai,MWW000102,ONBOARDING,abhishek,N/A,N/A,N/A,Delhi,N/A,N/A,kakakiid1234@gmail.com,2323232323,N/A,N/A,N/A,N/A,N/A,N/A,N/A,N/A,N/A,N/A,N/A,N/A,N/A,N/A,
EAST,ASM-TT-Chennai,MWN000103,ONBOARDING,Dukaan,N/A,N/A,N/A,Central Delhie121,N/A,N/A,abhisharma05052002@gmail.com,8287859248,N/A,N/A,N/A,N/A,N/A,N/A,N/A,N/A,N/A,N/A,N/A,N/A,N/A,N/A,
EAST,ASM-TT-Chennai,MWN000104,ONBOARDING,Dukaan,N/A,N/A,N/A,Amauli,N/A,N/A,abc1121@gmail.com,8287859248,N/A,N/A,N/A,N/A,N/A,N/A,N/A,N/A,N/A,N/A,N/A,N/A,N/A,N/A,
EAST,ASM-TT-Chennai,MWN000105,ONBOARDING,xyz,N/A,N/A,N/A,delhi1,N/A,N/A,shivam123@gmail.com,8287859248,N/A,N/A,N/A,N/A,N/A,N/A,N/A,N/A,N/A,N/A,N/A,N/A,N/A,N/A,
WEST,ASM-TT-Coimbature,N/A,Offboarding,testing001,23,23,32,delhi,d,232,sacs@sacs.com,3434343434,N/A,23,2,32,resmchennai,rsmchennai,N/A,DT-Coimbature,N/A,N/A,N/A,N/A,snf,N/A,sales
WEST,ASM-TT-Coimbature,N/A,Offboarding,tes,32fgte,23245dfd,delhi,delhi,N/A,N/A,testsac2@gmail.com,8287859248,values,N/A,N/A,N/A,resmchennai,rsmchennai,N/A,DT-Coimbature,N/A,N/A,N/A,N/A,snf,N/A,N/A
WEST,ASM-TT-Coimbature,N/A,Offboarding,w,23,23,32,d,d,232,sac@sac.com,3434343434,Abhishek,23,2,32,N/A,N/A,N/A,N/A,N/A,N/A,N/A,N/A,N/A,N/A,N/A
WEST,ASM-TT-Coimbature,MWW000050,Offboarding,kirana,N/A,N/A,N/A,delhi,N/A,N/A,kirana123@gmail.com,2345678909,N/A,N/A,N/A,N/A,resmchennai,rsmsouth,N/A,DT-Coimbature,N/A,N/A,N/A,N/A,snf,N/A,sales
WEST,ASM-TT-Coimbature,MWW000095,Offboarding,Dukaan,N/A,N/A,N/A,delhi,N/A,N/A,dukaandar123@gmail.com,8287859248,Abhishek,N/A,N/A,N/A,resmchennai,rsmsouth,N/A,DT-Coimbature,N/A,N/A,N/A,N/A,snf,N/A,N/A
WEST,ASM-TT-Coimbature,MWW000094,Offboarding,Dukaan ,N/A,N/A,N/A,delhi,N/A,N/A,dukaandar123@gmail.com,8287859248,N/A,N/A,N/A,N/A,resmchennai,rsmsouth,N/A,DT-Coimbature,N/A,N/A,N/A,N/A,snf,N/A,N/A
WEST,ASM-TT-Coimbature,MWW000072,Offboarding,Testing0005,N/A,N/A,N/A,delhi,N/A,N/A,Testing0005@gmail.com,8287859248,N/A,N/A,N/A,N/A,resmchennai,rsmsouth,N/A,DT-Coimbature,N/A,N/A,N/A,N/A,snf,N/A,sales
WEST,ASM-TT-Coimbature,MWN000084,Offboarding,testing00066,N/A,N/A,N/A,delhi,N/A,N/A,testing00066@gmail.com,8287859248,N/A,N/A,N/A,N/A,RSEMName1,RSMName1,N/A,testing111,N/A,N/A,N/A,N/A,SNFName1,N/A,sales
WEST,ASM-TT-Coimbature,MWN000027,Offboarding,Firm's Name 1,N/A,N/A,N/A,Jagdishpur,N/A,N/A,EmailID@gmail.com,7867898766,N/A,N/A,N/A,N/A,RSEMName1,RSMName1,N/A,DTTeamNorthUAT2a,N/A,N/A,N/A,N/A,SNFNorthUAT2,N/A,sales
